{
	"partitions" : [
		{
			"name" : "Top",
			"pins" : [
				{
					"name" : "iaddr[0]",
					"strict" : false
				},
				{
					"name" : "iaddr[1]",
					"strict" : false
				},
				{
					"name" : "iaddr[2]",
					"strict" : false
				},
				{
					"name" : "iaddr[3]",
					"strict" : false
				},
				{
					"name" : "iaddr[4]",
					"strict" : false
				},
				{
					"name" : "iaddr[5]",
					"strict" : false
				},
				{
					"name" : "iaddr[6]",
					"strict" : false
				},
				{
					"name" : "iaddr[7]",
					"strict" : false
				},
				{
					"name" : "iaddr[8]",
					"strict" : false
				},
				{
					"name" : "iaddr[9]",
					"strict" : false
				},
				{
					"name" : "iaddr[10]",
					"strict" : false
				},
				{
					"name" : "iaddr[11]",
					"strict" : false
				},
				{
					"name" : "iaddr[12]",
					"strict" : false
				},
				{
					"name" : "iaddr[13]",
					"strict" : false
				},
				{
					"name" : "we",
					"strict" : false
				},
				{
					"name" : "waddr[0]",
					"strict" : false
				},
				{
					"name" : "waddr[1]",
					"strict" : false
				},
				{
					"name" : "waddr[2]",
					"strict" : false
				},
				{
					"name" : "waddr[3]",
					"strict" : false
				},
				{
					"name" : "waddr[4]",
					"strict" : false
				},
				{
					"name" : "waddr[5]",
					"strict" : false
				},
				{
					"name" : "waddr[6]",
					"strict" : false
				},
				{
					"name" : "waddr[7]",
					"strict" : false
				},
				{
					"name" : "waddr[8]",
					"strict" : false
				},
				{
					"name" : "waddr[9]",
					"strict" : false
				},
				{
					"name" : "waddr[10]",
					"strict" : false
				},
				{
					"name" : "waddr[11]",
					"strict" : false
				},
				{
					"name" : "waddr[12]",
					"strict" : false
				},
				{
					"name" : "waddr[13]",
					"strict" : false
				},
				{
					"name" : "output_data[0]",
					"strict" : false
				},
				{
					"name" : "output_data[1]",
					"strict" : false
				},
				{
					"name" : "output_data[2]",
					"strict" : false
				},
				{
					"name" : "output_data[3]",
					"strict" : false
				},
				{
					"name" : "output_data[4]",
					"strict" : false
				},
				{
					"name" : "output_data[5]",
					"strict" : false
				},
				{
					"name" : "output_data[6]",
					"strict" : false
				},
				{
					"name" : "output_data[7]",
					"strict" : false
				},
				{
					"name" : "DONE",
					"strict" : false
				},
				{
					"name" : "SW[0]",
					"strict" : false
				},
				{
					"name" : "SW[1]",
					"strict" : false
				},
				{
					"name" : "SW[2]",
					"strict" : false
				},
				{
					"name" : "SW[3]",
					"strict" : false
				},
				{
					"name" : "SW[4]",
					"strict" : false
				},
				{
					"name" : "V0[0]",
					"strict" : false
				},
				{
					"name" : "CLK",
					"strict" : false
				},
				{
					"name" : "V0[1]",
					"strict" : false
				},
				{
					"name" : "V0[2]",
					"strict" : false
				},
				{
					"name" : "H0[0]",
					"strict" : false
				},
				{
					"name" : "V0[3]",
					"strict" : false
				},
				{
					"name" : "H0[1]",
					"strict" : false
				},
				{
					"name" : "V0[4]",
					"strict" : false
				},
				{
					"name" : "H0[2]",
					"strict" : false
				},
				{
					"name" : "V0[5]",
					"strict" : false
				},
				{
					"name" : "H0[3]",
					"strict" : false
				},
				{
					"name" : "V0[6]",
					"strict" : false
				},
				{
					"name" : "H0[4]",
					"strict" : false
				},
				{
					"name" : "H0[5]",
					"strict" : false
				},
				{
					"name" : "H0[6]",
					"strict" : false
				},
				{
					"name" : "input_data[0]",
					"strict" : false
				},
				{
					"name" : "input_data[1]",
					"strict" : false
				},
				{
					"name" : "input_data[2]",
					"strict" : false
				},
				{
					"name" : "input_data[3]",
					"strict" : false
				},
				{
					"name" : "input_data[4]",
					"strict" : false
				},
				{
					"name" : "input_data[5]",
					"strict" : false
				},
				{
					"name" : "input_data[6]",
					"strict" : false
				},
				{
					"name" : "input_data[7]",
					"strict" : false
				},
				{
					"name" : "TW[1]",
					"strict" : false
				},
				{
					"name" : "TW[0]",
					"strict" : false
				},
				{
					"name" : "TW[3]",
					"strict" : false
				},
				{
					"name" : "TW[2]",
					"strict" : false
				},
				{
					"name" : "TW[5]",
					"strict" : false
				},
				{
					"name" : "TW[4]",
					"strict" : false
				},
				{
					"name" : "TH[1]",
					"strict" : false
				},
				{
					"name" : "TH[0]",
					"strict" : false
				},
				{
					"name" : "TH[3]",
					"strict" : false
				},
				{
					"name" : "TH[2]",
					"strict" : false
				},
				{
					"name" : "TH[4]",
					"strict" : false
				},
				{
					"name" : "TH[5]",
					"strict" : false
				},
				{
					"name" : "RST",
					"strict" : false
				}
			]
		}
	]
}